https://book-costcopharmacy.appointment-plus.com/book-appointment/get-grid-hours?startTimestamp=START_MONTH+00%3A00%3A00&endTimestamp=NEXT_MONTH+00%3A00%3A00&limitNumberOfDaysWithOpenSlots=5&employeeId=4997&services%5B%5D=SERVICE_ID&numberOfSpotsNeeded=1&isStoreHours=true&clientMasterId=422155&toTimeZone=false&fromTimeZone=132&_=1612914897160,https://book-costcopharmacy.appointment-plus.com/ctxymp9s/?&e_id=4997,256780a7af3e8879a0e89df1a2e8d9ee1
https://book-costcopharmacy.appointment-plus.com/book-appointment/get-grid-hours?startTimestamp=START_MONTH+00%3A00%3A00&endTimestamp=NEXT_MONTH+00%3A00%3A00&limitNumberOfDaysWithOpenSlots=5&employeeId=5005&services%5B%5D=SERVICE_ID&numberOfSpotsNeeded=1&isStoreHours=true&clientMasterId=422153&toTimeZone=false&fromTimeZone=132&_=1612914897160,https://book-costcopharmacy.appointment-plus.com/ctxyhtkq/?&e_id=5005,238e1de82907cfe42bd7dae05013f8f41
https://book-costcopharmacy.appointment-plus.com/book-appointment/get-grid-hours?startTimestamp=START_MONTH+00%3A00%3A00&endTimestamp=NEXT_MONTH+00%3A00%3A00&limitNumberOfDaysWithOpenSlots=5&employeeId=4969&services%5B%5D=SERVICE_ID&numberOfSpotsNeeded=1&isStoreHours=true&clientMasterId=422137&toTimeZone=false&fromTimeZone=132&_=1612914897160,https://book-costcopharmacy.appointment-plus.com/ctx8y0ns/?&e_id=4969,389cc2c32374664dbf36fa5041101bdf1
https://book-costcopharmacy.appointment-plus.com/book-appointment/get-grid-hours?startTimestamp=START_MONTH+00%3A00%3A00&endTimestamp=NEXT_MONTH+00%3A00%3A00&limitNumberOfDaysWithOpenSlots=5&employeeId=5035&services%5B%5D=SERVICE_ID&numberOfSpotsNeeded=1&isStoreHours=true&clientMasterId=422123&toTimeZone=false&fromTimeZone=132&_=1612914897160,https://book-costcopharmacy.appointment-plus.com/ctx6led8/?&e_id=5035,2f9bb4dafdc0770738ef8b32766c59b71
https://book-costcopharmacy.appointment-plus.com/book-appointment/get-grid-hours?startTimestamp=START_MONTH+00%3A00%3A00&endTimestamp=NEXT_MONTH+00%3A00%3A00&limitNumberOfDaysWithOpenSlots=5&employeeId=4989&services%5B%5D=SERVICE_ID&numberOfSpotsNeeded=1&isStoreHours=true&clientMasterId=422151&toTimeZone=false&fromTimeZone=132&_=1612914897160,https://book-costcopharmacy.appointment-plus.com/ctxyd41v/?&e_id=4989,9fe874bb8e0746d57a1c40a1f1c912ba1
https://book-costcopharmacy.appointment-plus.com/book-appointment/get-grid-hours?startTimestamp=START_MONTH+00%3A00%3A00&endTimestamp=NEXT_MONTH+00%3A00%3A00&limitNumberOfDaysWithOpenSlots=5&employeeId=5019&services%5B%5D=SERVICE_ID&numberOfSpotsNeeded=1&isStoreHours=true&clientMasterId=422161&toTimeZone=false&fromTimeZone=132&_=1612914897160,https://book-costcopharmacy.appointment-plus.com/ctxblt4y/?e_id=5019,03b75f2a5857a5afcd56fa6b4add766a1
https://book-costcopharmacy.appointment-plus.com/book-appointment/get-grid-hours?startTimestamp=START_MONTH+00%3A00%3A00&endTimestamp=NEXT_MONTH+00%3A00%3A00&limitNumberOfDaysWithOpenSlots=5&employeeId=4993&services%5B%5D=SERVICE_ID&numberOfSpotsNeeded=1&isStoreHours=true&clientMasterId=422141&toTimeZone=false&fromTimeZone=132&_=1612914897160,https://book-costcopharmacy.appointment-plus.com/ctx948t8/?&e_id=4993,93e1159895c8273c38225c0bd94b958f1
https://book-costcopharmacy.appointment-plus.com/book-appointment/get-grid-hours?startTimestamp=START_MONTH+00%3A00%3A00&endTimestamp=NEXT_MONTH+00%3A00%3A00&limitNumberOfDaysWithOpenSlots=5&employeeId=5001&services%5B%5D=SERVICE_ID&numberOfSpotsNeeded=1&isStoreHours=true&clientMasterId=422149&toTimeZone=false&fromTimeZone=132&_=1612914897160,https://book-costcopharmacy.appointment-plus.com/ctx9nlzg/?&e_id=5001,33425da0cd6cbbcc7082ae1658646ad41
https://book-costcopharmacy.appointment-plus.com/book-appointment/get-grid-hours?startTimestamp=START_MONTH+00%3A00%3A00&endTimestamp=NEXT_MONTH+00%3A00%3A00&limitNumberOfDaysWithOpenSlots=5&employeeId=5055&services%5B%5D=SERVICE_ID&numberOfSpotsNeeded=1&isStoreHours=true&clientMasterId=422175&toTimeZone=false&fromTimeZone=132&_=1612914897160,https://book-costcopharmacy.appointment-plus.com/ctxdyzz0/?&e_id=5055,6c573c2b3693d904dbe6c1949d00120e1
https://book-costcopharmacy.appointment-plus.com/book-appointment/get-grid-hours?startTimestamp=START_MONTH+00%3A00%3A00&endTimestamp=NEXT_MONTH+00%3A00%3A00&limitNumberOfDaysWithOpenSlots=5&employeeId=5031&services%5B%5D=SERVICE_ID&numberOfSpotsNeeded=1&isStoreHours=true&clientMasterId=422121&toTimeZone=false&fromTimeZone=132&_=1612914897160,https://book-costcopharmacy.appointment-plus.com/ctx6gxv6/?&e_id=5031,17a16e5acd52efafaaaba6c2a550ff951
https://book-costcopharmacy.appointment-plus.com/book-appointment/get-grid-hours?startTimestamp=START_MONTH+00%3A00%3A00&endTimestamp=NEXT_MONTH+00%3A00%3A00&limitNumberOfDaysWithOpenSlots=5&employeeId=4935&services%5B%5D=SERVICE_ID&numberOfSpotsNeeded=1&isStoreHours=true&clientMasterId=422115&toTimeZone=false&fromTimeZone=132&_=1612914897160,https://book-costcopharmacy.appointment-plus.com/ctx5hetv/?&e_id=4935,826e02cfe323134b074e5e73f9a64c931
https://book-costcopharmacy.appointment-plus.com/book-appointment/get-grid-hours?startTimestamp=START_MONTH+00%3A00%3A00&endTimestamp=NEXT_MONTH+00%3A00%3A00&limitNumberOfDaysWithOpenSlots=5&employeeId=4983&services%5B%5D=SERVICE_ID&numberOfSpotsNeeded=1&isStoreHours=true&clientMasterId=422139&toTimeZone=false&fromTimeZone=132&_=1612914897160,https://book-costcopharmacy.appointment-plus.com/ctx8eqd0/?&e_id=4983,065bc8e727660e4f53fada22aab099631
https://book-costcopharmacy.appointment-plus.com/book-appointment/get-grid-hours?startTimestamp=START_MONTH+00%3A00%3A00&endTimestamp=NEXT_MONTH+00%3A00%3A00&limitNumberOfDaysWithOpenSlots=5&employeeId=5057&services%5B%5D=SERVICE_ID&numberOfSpotsNeeded=1&isStoreHours=true&clientMasterId=422177&toTimeZone=false&fromTimeZone=132&_=1612914897160,https://book-costcopharmacy.appointment-plus.com/ctxdzb42/?&e_id=5057,d6bce7639f9d211033b8e6541c44683a1
https://book-costcopharmacy.appointment-plus.com/book-appointment/get-grid-hours?startTimestamp=START_MONTH+00%3A00%3A00&endTimestamp=NEXT_MONTH+00%3A00%3A00&limitNumberOfDaysWithOpenSlots=5&employeeId=5015&services%5B%5D=SERVICE_ID&numberOfSpotsNeeded=1&isStoreHours=true&clientMasterId=422159&toTimeZone=false&fromTimeZone=132&_=1612914897160,https://book-costcopharmacy.appointment-plus.com/ctxb2gx2/?&e_id=5015,f7959c2ec95007def8a0ff4ff67d6ff01
https://book-costcopharmacy.appointment-plus.com/book-appointment/get-grid-hours?startTimestamp=START_MONTH+00%3A00%3A00&endTimestamp=NEXT_MONTH+00%3A00%3A00&limitNumberOfDaysWithOpenSlots=5&employeeId=4965&services%5B%5D=SERVICE_ID&numberOfSpotsNeeded=1&isStoreHours=true&clientMasterId=422125&toTimeZone=false&fromTimeZone=132&_=1612914897160,https://book-costcopharmacy.appointment-plus.com/ctx6qy2y/?&e_id=4965,ee777ac9182c3f64aba5f08bac9668431
https://book-costcopharmacy.appointment-plus.com/book-appointment/get-grid-hours?startTimestamp=START_MONTH+00%3A00%3A00&endTimestamp=NEXT_MONTH+00%3A00%3A00&limitNumberOfDaysWithOpenSlots=5&employeeId=4967&services%5B%5D=SERVICE_ID&numberOfSpotsNeeded=1&isStoreHours=true&clientMasterId=422127&toTimeZone=false&fromTimeZone=132&_=1612914897160,https://book-costcopharmacy.appointment-plus.com/ctx715lc/?&e_id=4967,2e33493b0f06ffa039afd9a2d003a0d41
https://book-costcopharmacy.appointment-plus.com/book-appointment/get-grid-hours?startTimestamp=START_MONTH+00%3A00%3A00&endTimestamp=NEXT_MONTH+00%3A00%3A00&limitNumberOfDaysWithOpenSlots=5&employeeId=5003&services%5B%5D=SERVICE_ID&numberOfSpotsNeeded=1&isStoreHours=true&clientMasterId=422113&toTimeZone=false&fromTimeZone=132&_=1612914897160,https://book-costcopharmacy.appointment-plus.com/ctx5cjym/?&e_id=5003,ed52eb73e7b64d7eb31336f09907f1ca1
https://book-costcopharmacy.appointment-plus.com/book-appointment/get-grid-hours?startTimestamp=START_MONTH+00%3A00%3A00&endTimestamp=NEXT_MONTH+00%3A00%3A00&limitNumberOfDaysWithOpenSlots=5&employeeId=4973&services%5B%5D=SERVICE_ID&numberOfSpotsNeeded=1&isStoreHours=true&clientMasterId=422163&toTimeZone=false&fromTimeZone=132&_=1612914897160,https://book-costcopharmacy.appointment-plus.com/ctxbqvnc/?&e_id=4973,54e39e64ec1f41b84030023294baba271
https://book-costcopharmacy.appointment-plus.com/book-appointment/get-grid-hours?startTimestamp=START_MONTH+00%3A00%3A00&endTimestamp=NEXT_MONTH+00%3A00%3A00&limitNumberOfDaysWithOpenSlots=5&employeeId=4981&services%5B%5D=SERVICE_ID&numberOfSpotsNeeded=1&isStoreHours=true&clientMasterId=422133&toTimeZone=false&fromTimeZone=132&_=1612914897160,https://book-costcopharmacy.appointment-plus.com/ctx809zv/?&e_id=4981,d26d370bc8232d528c8b03c75ca88ab31
https://book-costcopharmacy.appointment-plus.com/book-appointment/get-grid-hours?startTimestamp=START_MONTH+00%3A00%3A00&endTimestamp=NEXT_MONTH+00%3A00%3A00&limitNumberOfDaysWithOpenSlots=5&employeeId=4977&services%5B%5D=SERVICE_ID&numberOfSpotsNeeded=1&isStoreHours=true&clientMasterId=422131&toTimeZone=false&fromTimeZone=132&_=1612914897160,https://book-costcopharmacy.appointment-plus.com/ctx7pdqm/?&e_id=4977,8ab18e96c30226cfd6df599aa7a1dfa21
https://book-costcopharmacy.appointment-plus.com/book-appointment/get-grid-hours?startTimestamp=START_MONTH+00%3A00%3A00&endTimestamp=NEXT_MONTH+00%3A00%3A00&limitNumberOfDaysWithOpenSlots=5&employeeId=5043&services%5B%5D=SERVICE_ID&numberOfSpotsNeeded=1&isStoreHours=true&clientMasterId=422167&toTimeZone=false&fromTimeZone=132&_=1612914897160,https://book-costcopharmacy.appointment-plus.com/ctxc6g1g/?&e_id=5043,a1229dab45d950c793bfabbf8282c6221
https://book-costcopharmacy.appointment-plus.com/book-appointment/get-grid-hours?startTimestamp=START_MONTH+00%3A00%3A00&endTimestamp=NEXT_MONTH+00%3A00%3A00&limitNumberOfDaysWithOpenSlots=5&employeeId=4985&services%5B%5D=SERVICE_ID&numberOfSpotsNeeded=1&isStoreHours=true&clientMasterId=422147&toTimeZone=false&fromTimeZone=132&_=1612914897160,https://book-costcopharmacy.appointment-plus.com/ctx9xpqe/?&e_id=4985,50382e54f96c7cd2be979bf24f5420ec1
https://book-costcopharmacy.appointment-plus.com/book-appointment/get-grid-hours?startTimestamp=START_MONTH+00%3A00%3A00&endTimestamp=NEXT_MONTH+00%3A00%3A00&limitNumberOfDaysWithOpenSlots=5&employeeId=4975&services%5B%5D=SERVICE_ID&numberOfSpotsNeeded=1&isStoreHours=true&clientMasterId=422117&toTimeZone=false&fromTimeZone=132&_=1612914897160,https://book-costcopharmacy.appointment-plus.com/ctx5myxq/?&e_id=4975,edb6a365e12c32beaec96f527237a7051
https://book-costcopharmacy.appointment-plus.com/book-appointment/get-grid-hours?startTimestamp=START_MONTH+00%3A00%3A00&endTimestamp=NEXT_MONTH+00%3A00%3A00&limitNumberOfDaysWithOpenSlots=5&employeeId=4987&services%5B%5D=SERVICE_ID&numberOfSpotsNeeded=1&isStoreHours=true&clientMasterId=422143&toTimeZone=false&fromTimeZone=132&_=1612914897160,https://book-costcopharmacy.appointment-plus.com/ctx994xy/?&e_id=4987,f070c5f13d3980847d78d42c3692946c1
https://book-costcopharmacy.appointment-plus.com/book-appointment/get-grid-hours?startTimestamp=START_MONTH+00%3A00%3A00&endTimestamp=NEXT_MONTH+00%3A00%3A00&limitNumberOfDaysWithOpenSlots=5&employeeId=4979&services%5B%5D=SERVICE_ID&numberOfSpotsNeeded=1&isStoreHours=true&clientMasterId=422135&toTimeZone=false&fromTimeZone=132&_=1612914897160,https://book-costcopharmacy.appointment-plus.com/ctx8554q/?&e_id=4979,bbea3d5162f75ae816b25e03e28ef1591
https://book-costcopharmacy.appointment-plus.com/book-appointment/get-grid-hours?startTimestamp=START_MONTH+00%3A00%3A00&endTimestamp=NEXT_MONTH+00%3A00%3A00&limitNumberOfDaysWithOpenSlots=5&employeeId=5053&services%5B%5D=SERVICE_ID&numberOfSpotsNeeded=1&isStoreHours=true&clientMasterId=422173&toTimeZone=false&fromTimeZone=132&_=1612914897160,https://book-costcopharmacy.appointment-plus.com/ctxd5jps/?&e_id=5053,f5b3067f1a3992b40c701eeb542b07331
https://book-costcopharmacy.appointment-plus.com/book-appointment/get-grid-hours?startTimestamp=START_MONTH+00%3A00%3A00&endTimestamp=NEXT_MONTH+00%3A00%3A00&limitNumberOfDaysWithOpenSlots=5&employeeId=5051&services%5B%5D=SERVICE_ID&numberOfSpotsNeeded=1&isStoreHours=true&clientMasterId=422169&toTimeZone=false&fromTimeZone=132&_=1612914897160,https://book-costcopharmacy.appointment-plus.com/ctxcbbkx/?&e_id=5051,73db67d7e7ac727083966a6b84c17e551
https://book-costcopharmacy.appointment-plus.com/book-appointment/get-grid-hours?startTimestamp=START_MONTH+00%3A00%3A00&endTimestamp=NEXT_MONTH+00%3A00%3A00&limitNumberOfDaysWithOpenSlots=5&employeeId=5025&services%5B%5D=SERVICE_ID&numberOfSpotsNeeded=1&isStoreHours=true&clientMasterId=422119&toTimeZone=false&fromTimeZone=132&_=1612914897160,https://book-costcopharmacy.appointment-plus.com/ctx5r67s/?&e_id=5025,27ef12ceb932b3aecec4532a141500f31
https://book-costcopharmacy.appointment-plus.com/book-appointment/get-grid-hours?startTimestamp=START_MONTH+00%3A00%3A00&endTimestamp=NEXT_MONTH+00%3A00%3A00&limitNumberOfDaysWithOpenSlots=5&employeeId=4995&services%5B%5D=SERVICE_ID&numberOfSpotsNeeded=1&isStoreHours=true&clientMasterId=422145&toTimeZone=false&fromTimeZone=132&_=1612914897160,https://book-costcopharmacy.appointment-plus.com/ctx9e07c/?&e_id=4995,4f47b3b46d39ac0e447c00d0faea35d61
https://book-costcopharmacy.appointment-plus.com/book-appointment/get-grid-hours?startTimestamp=START_MONTH+00%3A00%3A00&endTimestamp=NEXT_MONTH+00%3A00%3A00&limitNumberOfDaysWithOpenSlots=5&employeeId=5061&services%5B%5D=SERVICE_ID&numberOfSpotsNeeded=1&isStoreHours=true&clientMasterId=422215&toTimeZone=false&fromTimeZone=132&_=1612914897160,https://book-costcopharmacy.appointment-plus.com/ctxq8qyy/?&e_id=5061,678f851a99504bf46851c98500dd76221
https://book-costcopharmacy.appointment-plus.com/book-appointment/get-grid-hours?startTimestamp=START_MONTH+00%3A00%3A00&endTimestamp=NEXT_MONTH+00%3A00%3A00&limitNumberOfDaysWithOpenSlots=4&employeeId=7061&services%5B%5D=SERVICE_ID&numberOfSpotsNeeded=1&isStoreHours=true&clientMasterId=425227&toTimeZone=false&fromTimeZone=132&_=1618008954060,https://book-costcopharmacy.appointment-plus.com/d0m1slrg/,costco_issaquah_theater
